,striker,strike_rate,runs_50_to_99,runs_100_plus,boundary_percentage,normal_runs,total_runs,balls_faced,player_dismissed,dismissal_count,batting_avg
0,A Ashish Reddy,142.86,0,0,15.82,104.0,280,196,A Ashish Reddy,15.0,18.67
1,A Badoni,122.77,2,0,13.23,155.0,399,325,A Badoni,18.0,22.17
2,A Chandila,57.14,0,0,0.0,4.0,4,7,,0.0,4.0
3,A Chopra,70.67,0,0,9.33,23.0,53,75,A Chopra,6.0,8.83
4,A Choudhary,125.0,0,0,10.0,14.0,25,20,A Choudhary,1.0,25.0
5,A Dananjaya,80.0,0,0,0.0,3.0,4,5,,0.0,4.0
6,A Flintoff,108.77,0,0,12.28,26.0,62,57,A Flintoff,2.0,31.0
7,A Kumble,71.43,0,0,6.12,22.0,35,49,A Kumble,3.0,11.67
8,A Manohar,134.55,0,0,18.18,77.0,222,165,A Manohar,12.0,18.5
9,A Mishra,86.59,0,0,8.18,205.0,381,440,A Mishra,32.0,11.91
10,A Mithun,130.77,0,0,19.23,10.0,34,26,A Mithun,5.0,6.8
11,A Mukund,82.61,0,0,4.35,13.0,19,23,A Mukund,2.0,9.5
12,A Nehra,65.08,0,0,6.35,22.0,41,63,A Nehra,7.0,5.86
13,A Nortje,107.14,0,0,14.29,17.0,45,42,A Nortje,4.0,11.25
14,A Singh,20.0,0,0,0.0,2.0,2,10,A Singh,4.0,0.5
15,A Symonds,124.71,5,1,14.72,358.0,974,781,A Symonds,27.0,36.07
16,A Tomar,50.0,0,0,12.5,0.0,4,8,A Tomar,1.0,4.0
17,A Uniyal,57.14,0,0,0.0,4.0,4,7,A Uniyal,1.0,4.0
18,A Zampa,60.0,0,0,4.0,11.0,15,25,A Zampa,5.0,3.0
19,AA Bilakhia,78.41,0,0,5.68,40.0,69,88,AA Bilakhia,5.0,13.8
20,AA Chavan,109.09,0,0,18.18,4.0,12,11,AA Chavan,2.0,6.0
21,AA Jhunjhunwala,99.54,1,0,11.01,96.0,217,218,AA Jhunjhunwala,13.0,16.69
22,AA Noffke,75.0,0,0,8.33,5.0,9,12,AA Noffke,1.0,9.0
23,AB Agarkar,111.87,0,0,11.25,82.0,179,160,AB Agarkar,10.0,17.9
24,AB Barath,97.67,0,0,13.95,15.0,42,43,AB Barath,2.0,21.0
25,AB Dinda,52.0,0,0,4.0,17.0,26,50,AB Dinda,10.0,2.6
26,AB McDonald,119.42,0,0,12.62,52.0,123,103,AB McDonald,5.0,24.6
27,AB de Villiers,148.58,41,3,19.13,1705.0,5181,3487,AB de Villiers,130.0,39.85
28,AC Blizzard,131.87,1,0,25.27,20.0,120,91,AC Blizzard,7.0,17.14
29,AC Gilchrist,133.05,11,2,21.29,487.0,2069,1555,AC Gilchrist,76.0,27.22
30,AC Thomas,105.26,0,0,10.53,9.0,20,19,AC Thomas,2.0,10.0
31,AC Voges,126.57,0,0,12.59,81.0,181,143,AC Voges,4.0,45.25
32,AD Hales,124.37,0,0,15.97,52.0,148,119,AD Hales,6.0,24.67
33,AD Mascarenhas,100.0,0,0,7.59,44.0,79,79,AD Mascarenhas,9.0,8.78
34,AD Mathews,120.87,1,0,12.19,319.0,724,599,AD Mathews,31.0,23.35
35,AD Nath,90.91,0,0,9.09,45.0,90,99,AD Nath,10.0,9.0
36,AD Russell,164.92,10,0,25.04,448.0,2266,1374,AD Russell,79.0,28.68
37,AF Milne,74.19,0,0,3.23,15.0,23,31,AF Milne,4.0,5.75
38,AG Murtaza,71.43,0,0,7.14,6.0,10,14,AG Murtaza,1.0,10.0
39,AG Paunikar,80.33,0,0,14.75,11.0,49,61,AG Paunikar,5.0,9.8
40,AJ Finch,123.35,15,0,17.22,655.0,2092,1696,AJ Finch,84.0,24.9
41,AJ Hosein,145.45,0,0,18.18,5.0,16,11,,0.0,16.0
42,AJ Turner,27.27,0,0,0.0,3.0,3,11,AJ Turner,3.0,1.0
43,AJ Tye,115.19,0,0,13.92,29.0,91,79,AJ Tye,9.0,10.11
44,AK Markram,129.17,4,0,14.33,332.0,775,600,AK Markram,24.0,32.29
45,AL Menaria,109.26,0,0,11.44,173.0,401,367,AL Menaria,21.0,19.1
46,AM Nayar,114.29,0,0,12.76,279.0,672,588,AM Nayar,38.0,17.68
47,AM Rahane,120.28,30,2,15.06,1724.0,4400,3658,AM Rahane,142.0,30.99
48,AN Ahmed,133.33,0,0,18.52,11.0,36,27,AN Ahmed,1.0,36.0
49,AN Ghosh,87.5,0,0,12.5,2.0,7,8,AN Ghosh,2.0,3.5
50,AP Dole,147.83,0,0,17.39,12.0,34,23,AP Dole,2.0,17.0
51,AP Majumdar,112.99,0,0,11.69,40.0,87,77,AP Majumdar,4.0,21.75
52,AP Tare,118.95,1,0,17.89,92.0,339,285,AP Tare,24.0,14.12
53,AR Bawne,100.0,0,0,8.33,7.0,12,12,,0.0,12.0
54,AR Patel,124.93,1,0,13.83,574.0,1418,1135,AR Patel,69.0,20.55
55,AS Joseph,84.38,0,0,9.38,13.0,27,32,AS Joseph,1.0,27.0
56,AS Rajpoot,63.41,0,0,7.32,11.0,26,41,AS Rajpoot,5.0,5.2
57,AS Raut,112.79,0,0,11.63,85.0,194,172,AS Raut,9.0,21.56
58,AS Roy,109.52,0,0,14.29,9.0,23,21,AS Roy,3.0,7.67
59,AS Yadav,122.5,0,0,17.5,15.0,49,40,AS Yadav,5.0,9.8
60,AT Carey,110.34,0,0,3.45,20.0,32,29,AT Carey,2.0,16.0
61,AT Rayudu,124.58,22,1,15.24,1684.0,4348,3490,AT Rayudu,155.0,28.05
62,AU Rashid,129.41,0,0,17.65,6.0,22,17,AU Rashid,2.0,11.0
63,AUK Pathan,150.0,0,0,26.92,5.0,39,26,AUK Pathan,5.0,7.8
64,Abdul Basith,100.0,0,0,0.0,1.0,1,1,,0.0,1.0
65,Abdul Samad,134.58,0,0,15.93,136.0,397,295,Abdul Samad,21.0,18.9
66,Abdur Razzak,0.0,0,0,0.0,0.0,0,2,,0.0,0.0
67,Abhishek Sharma,131.91,4,0,18.17,289.0,893,677,Abhishek Sharma,39.0,22.9
68,Abishek Porel,106.45,0,0,9.68,16.0,33,31,Abishek Porel,4.0,8.25
69,Akash Deep,170.0,0,0,30.0,3.0,17,10,Akash Deep,2.0,8.5
70,Aman Hakim Khan,105.5,1,0,12.84,40.0,115,109,Aman Hakim Khan,9.0,12.78
71,Anirudh Singh,91.3,0,0,10.14,28.0,63,69,Anirudh Singh,4.0,15.75
72,Ankit Sharma,126.09,0,0,15.94,29.0,87,69,Ankit Sharma,7.0,12.43
73,Ankit Soni,77.78,0,0,11.11,1.0,7,9,Ankit Soni,2.0,3.5
74,Anmolpreet Singh,121.82,0,0,19.09,39.0,134,110,Anmolpreet Singh,7.0,19.14
75,Anuj Rawat,112.24,1,0,13.78,77.0,220,196,Anuj Rawat,12.0,18.33
76,Anureet Singh,76.6,0,0,6.38,22.0,36,47,Anureet Singh,4.0,9.0
77,Arjun Tendulkar,144.44,0,0,11.11,6.0,13,9,Arjun Tendulkar,1.0,13.0
78,Arshad Khan (2),120.0,0,0,6.67,10.0,18,15,Arshad Khan (2),2.0,9.0
79,Arshdeep Singh,65.79,0,0,7.89,9.0,25,38,Arshdeep Singh,4.0,6.25
80,Atharva Taide,136.76,2,0,19.12,57.0,186,136,Atharva Taide,7.0,26.57
81,Avesh Khan,155.0,0,0,25.0,5.0,31,20,Avesh Khan,2.0,15.5
82,Azhar Mahmood,124.76,2,0,16.72,135.0,388,311,Azhar Mahmood,19.0,20.42
83,B Akhil,133.33,0,0,17.54,21.0,76,57,B Akhil,6.0,12.67
84,B Chipli,109.38,1,0,13.67,111.0,280,256,B Chipli,15.0,18.67
85,B Indrajith,67.74,0,0,6.45,11.0,21,31,B Indrajith,3.0,7.0
86,B Kumar,91.88,0,0,9.74,138.0,283,308,B Kumar,32.0,8.84
87,B Laughlin,38.46,0,0,0.0,5.0,5,13,B Laughlin,2.0,2.5
88,B Lee,121.57,0,0,15.69,40.0,124,102,B Lee,10.0,12.4
89,B Sai Sudharsan,132.72,4,0,16.23,197.0,507,382,B Sai Sudharsan,11.0,46.09
90,B Stanlake,250.0,0,0,50.0,1.0,5,2,,0.0,5.0
91,B Sumanth,92.11,0,0,7.89,20.0,35,38,B Sumanth,1.0,35.0
92,BA Bhatt,85.71,0,0,14.29,0.0,6,7,BA Bhatt,1.0,6.0
93,BA Stokes,130.22,2,2,15.74,352.0,935,718,BA Stokes,38.0,24.61
94,BAW Mendis,50.0,0,0,0.0,3.0,3,6,BAW Mendis,2.0,1.5
95,BB McCullum,126.85,13,2,18.62,821.0,2882,2272,BB McCullum,104.0,27.71
96,BB Samantray,107.76,1,0,12.93,53.0,125,116,BB Samantray,5.0,25.0
97,BB Sran,71.43,0,0,0.0,9.0,10,14,BB Sran,1.0,10.0
98,BCJ Cutting,163.01,0,0,23.29,54.0,238,146,BCJ Cutting,11.0,21.64
99,BE Hendricks,33.33,0,0,0.0,1.0,1,3,BE Hendricks,1.0,1.0
100,BJ Haddin,163.64,0,0,27.27,3.0,18,11,BJ Haddin,1.0,18.0
101,BJ Hodge,121.42,6,0,14.31,549.0,1400,1153,BJ Hodge,42.0,33.33
102,BJ Rohrer,132.19,1,0,17.81,63.0,193,146,BJ Rohrer,7.0,27.57
103,BMAJ Mendis,85.19,0,0,0.0,19.0,23,27,BMAJ Mendis,3.0,7.67
104,BR Dunk,111.11,0,0,19.44,9.0,40,36,BR Dunk,3.0,13.33
105,Basil Thampi,86.49,0,0,5.41,19.0,32,37,Basil Thampi,1.0,32.0
106,Bipul Sharma,150.81,0,0,16.13,70.0,187,124,Bipul Sharma,8.0,23.38
107,C Green,157.49,2,1,21.6,141.0,452,287,C Green,9.0,50.22
108,C Madan,71.43,0,0,14.29,3.0,15,21,C Madan,1.0,15.0
109,C Munro,122.92,0,0,18.75,49.0,177,144,C Munro,12.0,14.75
110,C Nanda,0.0,0,0,0.0,0.0,0,1,C Nanda,1.0,0.0
111,C Sakariya,64.52,0,0,9.68,7.0,20,31,C Sakariya,6.0,3.33
112,C de Grandhomme,132.31,0,0,15.72,107.0,303,229,C de Grandhomme,16.0,18.94
113,CA Ingram,112.02,0,0,14.75,78.0,205,183,CA Ingram,12.0,17.08
114,CA Lynn,136.45,10,0,20.33,360.0,1329,974,CA Lynn,39.0,34.08
115,CA Pujara,96.77,1,0,13.4,149.0,390,403,CA Pujara,19.0,20.53
116,CH Gayle,142.12,32,6,21.81,1113.0,4997,3516,CH Gayle,126.0,39.66
117,CH Morris,149.64,2,0,18.4,203.0,618,413,CH Morris,28.0,22.07
118,CJ Anderson,123.39,3,0,16.28,165.0,538,436,CJ Anderson,22.0,24.45
119,CJ Ferguson,82.35,0,0,7.56,52.0,98,119,CJ Ferguson,6.0,16.33
120,CJ Jordan,100.0,0,0,7.41,37.0,81,81,CJ Jordan,10.0,8.1
121,CJ McKay,53.33,0,0,0.0,7.0,8,15,CJ McKay,1.0,8.0
122,CK Kapugedera,66.67,0,0,0.0,14.0,16,24,CK Kapugedera,3.0,5.33
123,CK Langeveldt,88.89,0,0,11.11,2.0,8,9,CK Langeveldt,2.0,4.0
124,CL White,125.45,6,0,14.73,386.0,971,774,CL White,36.0,26.97
125,CM Gautam,106.96,0,0,14.56,51.0,169,158,CM Gautam,10.0,16.9
126,CR Brathwaite,150.83,0,0,21.67,41.0,181,120,CR Brathwaite,13.0,13.92
127,CR Woakes,101.3,0,0,11.69,35.0,78,77,CR Woakes,6.0,13.0
128,CRD Fernando,133.33,0,0,0.0,3.0,4,3,,0.0,4.0
129,CV Varun,51.02,0,0,4.08,16.0,25,49,CV Varun,4.0,6.25
130,D Brevis,138.79,0,0,21.55,36.0,161,116,D Brevis,7.0,23.0
131,D Kalyankrishna,37.5,0,0,0.0,3.0,3,8,D Kalyankrishna,1.0,3.0
132,D Padikkal,120.43,9,1,16.55,526.0,1521,1263,D Padikkal,55.0,27.65
133,D Pretorius,157.14,0,0,21.43,12.0,44,28,D Pretorius,4.0,11.0
134,D Salunkhe,137.5,0,0,20.83,11.0,33,24,D Salunkhe,2.0,16.5
135,D Wiese,140.95,0,0,18.1,52.0,148,105,D Wiese,5.0,29.6
136,D du Preez,76.92,0,0,0.0,8.0,10,13,D du Preez,1.0,10.0
137,DA Miller,134.22,12,1,15.48,1034.0,2714,2022,DA Miller,76.0,35.71
138,DA Warner,135.6,61,4,18.48,2040.0,6399,4719,DA Warner,156.0,41.02
139,DAJ Bracewell,133.33,0,0,11.11,7.0,12,9,,0.0,12.0
140,DB Das,113.86,0,0,14.61,104.0,304,267,DB Das,14.0,21.71
141,DB Ravi Teja,115.38,1,0,13.54,157.0,375,325,DB Ravi Teja,19.0,19.74
142,DE Bollinger,91.3,0,0,8.7,10.0,21,23,DE Bollinger,1.0,21.0
143,DG Nalkande,0.0,0,0,0.0,0.0,0,1,DG Nalkande,1.0,0.0
144,DH Yagnik,119.72,0,0,17.61,55.0,170,142,DH Yagnik,10.0,17.0
145,DJ Bravo,125.1,5,0,14.92,563.0,1560,1247,DJ Bravo,69.0,22.61
146,DJ Harris,107.77,0,0,15.53,35.0,111,103,DJ Harris,4.0,27.75
147,DJ Hooda,124.27,7,0,12.98,556.0,1321,1063,DJ Hooda,72.0,18.35
148,DJ Hussey,120.07,5,0,13.62,526.0,1322,1101,DJ Hussey,49.0,26.98
149,DJ Jacobs,91.09,0,0,13.86,25.0,92,101,DJ Jacobs,7.0,13.14
150,DJ Malan,100.0,0,0,7.69,14.0,26,26,DJ Malan,1.0,26.0
151,DJ Mitchell,71.74,0,0,2.17,27.0,33,46,DJ Mitchell,2.0,16.5
152,DJ Muthuswami,33.33,0,0,0.0,1.0,1,3,DJ Muthuswami,1.0,1.0
153,DJ Thornely,72.22,0,0,7.41,19.0,39,54,DJ Thornely,3.0,13.0
154,DJ Willey,82.81,0,0,10.94,21.0,53,64,DJ Willey,2.0,26.5
155,DJG Sammy,117.53,1,0,13.15,110.0,295,251,DJG Sammy,15.0,19.67
156,DJM Short,112.75,0,0,15.69,38.0,115,102,DJM Short,7.0,16.43
157,DL Chahar,131.15,0,0,13.11,29.0,80,61,DL Chahar,7.0,11.43
158,DL Vettori,102.54,0,0,11.02,59.0,121,118,DL Vettori,8.0,15.12
159,DM Bravo,120.0,0,0,20.0,2.0,6,5,,0.0,6.0
160,DNT Zoysa,122.22,0,0,11.11,5.0,11,9,DNT Zoysa,1.0,11.0
161,DP Conway,138.12,9,0,19.43,302.0,924,669,DP Conway,19.0,48.63
162,DP Nannes,30.77,0,0,0.0,4.0,4,13,DP Nannes,1.0,4.0
163,DP Vijaykumar,100.0,0,0,0.0,1.0,1,1,,0.0,1.0
164,DPMD Jayawardene,118.79,10,1,15.77,663.0,1808,1522,DPMD Jayawardene,64.0,28.25
165,DR Martyn,73.08,0,0,3.85,15.0,19,26,DR Martyn,1.0,19.0
166,DR Sams,91.67,0,0,8.33,18.0,44,48,DR Sams,9.0,4.89
167,DR Shorey,65.0,0,0,5.0,7.0,13,20,DR Shorey,2.0,6.5
168,DR Smith,132.28,17,0,20.08,609.0,2385,1803,DR Smith,84.0,28.39
169,DS Kulkarni,92.04,0,0,7.96,54.0,104,113,DS Kulkarni,9.0,11.56
170,DS Lehmann,94.74,0,0,15.79,6.0,18,19,DS Lehmann,2.0,9.0
171,DT Christian,112.75,0,0,10.29,221.0,460,408,DT Christian,31.0,14.84
172,DT Patil,100.0,0,0,7.69,7.0,13,13,DT Patil,2.0,6.5
173,DW Steyn,102.45,0,0,10.43,74.0,167,163,DW Steyn,22.0,7.59
174,Dhruv Jurel,163.44,0,0,21.51,47.0,152,93,Dhruv Jurel,7.0,21.71
175,E Lewis,131.06,4,0,19.64,167.0,654,499,E Lewis,24.0,27.25
176,EJG Morgan,119.05,5,0,14.9,493.0,1406,1181,EJG Morgan,62.0,22.68
177,ER Dwivedi,160.0,0,0,26.67,4.0,24,15,ER Dwivedi,2.0,12.0
178,F Behardien,107.69,0,0,15.38,6.0,14,13,F Behardien,2.0,7.0
179,F du Plessis,130.83,33,0,16.46,1522.0,4133,3159,F du Plessis,112.0,36.9
180,FA Allen,73.68,0,0,5.26,9.0,14,19,FA Allen,2.0,7.0
181,FH Edwards,80.0,0,0,0.0,2.0,4,5,FH Edwards,1.0,4.0
182,FY Fazal,102.23,0,0,12.85,82.0,183,179,FY Fazal,10.0,18.3
183,Fazalhaq Farooqi,23.08,0,0,0.0,3.0,3,13,,0.0,3.0
184,G Gambhir,119.67,36,0,15.64,1616.0,4217,3524,G Gambhir,136.0,31.01
185,GB Hogg,100.0,0,0,4.55,16.0,22,22,GB Hogg,3.0,7.33
186,GC Smith,106.95,4,0,14.91,268.0,739,691,GC Smith,26.0,28.42
187,GC Viljoen,42.86,0,0,0.0,2.0,3,7,GC Viljoen,2.0,1.5
188,GD McGrath,80.0,0,0,20.0,0.0,4,5,GD McGrath,1.0,4.0
189,GD Phillips,118.18,0,0,16.36,14.0,65,55,GD Phillips,7.0,9.29
190,GH Vihari,85.8,0,0,7.25,161.0,284,331,GH Vihari,20.0,14.2
191,GHS Garton,50.0,0,0,0.0,2.0,2,4,GHS Garton,1.0,2.0
192,GJ Bailey,120.11,2,0,14.13,267.0,663,552,GJ Bailey,27.0,24.56
193,GJ Maxwell,151.45,18,0,21.44,731.0,2720,1796,GJ Maxwell,103.0,26.41
194,GR Napier,93.75,0,0,6.25,8.0,15,16,GR Napier,1.0,15.0
195,Gurkeerat Singh,117.2,2,0,15.14,200.0,511,436,Gurkeerat Singh,24.0,21.29
196,H Das,40.0,0,0,0.0,2.0,2,5,H Das,1.0,2.0
197,H Klaasen,160.62,2,1,19.69,179.0,514,320,H Klaasen,14.0,36.71
198,HC Brook,119.5,0,1,16.98,62.0,190,159,HC Brook,9.0,21.11
199,HE van der Dussen,88.0,0,0,8.0,11.0,22,25,HE van der Dussen,2.0,11.0
200,HF Gurney,20.0,0,0,0.0,1.0,1,5,,0.0,1.0
201,HH Gibbs,105.85,6,0,13.62,313.0,886,837,HH Gibbs,32.0,27.69
202,HH Pandya,139.64,10,0,17.95,762.0,2318,1660,HH Pandya,77.0,30.1
203,HM Amla,138.04,3,2,19.38,187.0,577,418,HM Amla,13.0,44.38
204,HR Shokeen,98.51,0,0,13.43,25.0,66,67,HR Shokeen,3.0,22.0
205,HV Patel,121.03,0,0,14.87,81.0,236,195,HV Patel,24.0,9.83
206,Harbhajan Singh,130.97,1,0,19.03,230.0,833,636,Harbhajan Singh,55.0,15.15
207,Harmeet Singh,150.0,0,0,25.0,4.0,18,12,Harmeet Singh,4.0,4.5
208,Harpreet Brar,111.27,0,0,12.68,63.0,158,142,Harpreet Brar,9.0,17.56
209,Harpreet Singh,112.94,0,0,12.94,41.0,96,85,Harpreet Singh,5.0,19.2
210,Harshit Rana,66.67,0,0,0.0,1.0,2,3,Harshit Rana,2.0,1.0
211,I Malhotra,175.0,0,0,25.0,3.0,7,4,,0.0,7.0
212,I Sharma,88.89,0,0,9.52,25.0,56,63,I Sharma,6.0,9.33
213,I Udana,136.36,0,0,18.18,5.0,15,11,I Udana,3.0,5.0
214,IC Pandey,0.0,0,0,0.0,0.0,0,2,IC Pandey,1.0,0.0
215,IK Pathan,116.75,1,0,12.79,486.0,1150,985,IK Pathan,53.0,21.7
216,IR Jaggi,76.0,0,0,6.0,43.0,76,100,IR Jaggi,5.0,15.2
217,IS Sodhi,38.89,0,0,0.0,7.0,7,18,IS Sodhi,2.0,3.5
218,Imran Tahir,89.19,0,0,13.51,11.0,33,37,Imran Tahir,4.0,8.25
219,Iqbal Abdulla,102.33,0,0,11.63,40.0,88,86,Iqbal Abdulla,2.0,44.0
220,Ishan Kishan,131.37,15,0,18.26,736.0,2324,1769,Ishan Kishan,79.0,29.42
221,J Arunkumar,95.83,0,0,20.83,3.0,23,24,J Arunkumar,3.0,7.67
222,J Botha,112.36,1,0,12.09,182.0,409,364,J Botha,20.0,20.45
223,J Suchith,112.9,0,0,14.52,23.0,70,62,J Suchith,4.0,17.5
224,J Syed Mohammad,107.41,0,0,14.81,12.0,29,27,J Syed Mohammad,2.0,14.5
225,J Theron,76.92,0,0,7.69,6.0,10,13,J Theron,2.0,5.0
226,J Yadav,105.26,0,0,7.89,21.0,40,38,J Yadav,4.0,10.0
227,JA Morkel,136.94,3,0,16.29,344.0,975,712,JA Morkel,40.0,24.38
228,JA Richardson,60.0,0,0,8.0,7.0,15,25,JA Richardson,2.0,7.5
229,JC Archer,150.76,0,0,18.94,60.0,199,132,JC Archer,13.0,15.31
230,JC Buttler,143.1,19,5,20.82,884.0,3224,2253,JC Buttler,86.0,37.49
231,JD Ryder,129.61,4,0,18.88,178.0,604,466,JD Ryder,28.0,21.57
232,JD Unadkat,120.98,0,0,13.99,68.0,173,143,JD Unadkat,13.0,13.31
233,JDP Oram,96.36,0,0,10.0,49.0,106,110,JDP Oram,8.0,13.25
234,JDS Neesham,98.92,0,0,8.6,45.0,92,93,JDS Neesham,9.0,10.22
235,JE Root,66.67,0,0,6.67,6.0,10,15,JE Root,1.0,10.0
236,JE Taylor,75.0,0,0,0.0,2.0,3,4,JE Taylor,1.0,3.0
237,JEC Franklin,105.83,1,0,11.0,151.0,327,309,JEC Franklin,11.0,29.73
238,JH Kallis,105.94,17,0,13.05,1010.0,2427,2291,JH Kallis,85.0,28.55
239,JJ Bumrah,82.35,0,0,7.35,30.0,56,68,JJ Bumrah,7.0,8.0
240,JJ Roy,133.48,4,0,20.87,167.0,614,460,JJ Roy,19.0,32.32
241,JJ van der Wath,105.88,0,0,11.76,7.0,18,17,JJ van der Wath,2.0,9.0
242,JL Denly,0.0,0,0,0.0,0.0,0,1,JL Denly,1.0,0.0
243,JL Pattinson,115.38,0,0,15.38,7.0,15,13,JL Pattinson,1.0,15.0
244,JM Bairstow,138.07,9,1,20.11,361.0,1291,935,JM Bairstow,36.0,35.86
245,JM Kemp,104.0,0,0,8.0,12.0,26,25,JM Kemp,2.0,13.0
246,JM Sharma,153.39,0,0,21.75,141.0,543,354,JM Sharma,21.0,25.86
247,JO Holder,119.35,0,0,14.29,88.0,259,217,JO Holder,21.0,12.33
248,JP Behrendorff,66.67,0,0,0.0,6.0,6,9,,0.0,6.0
249,JP Duminy,120.77,14,0,12.2,913.0,2029,1680,JP Duminy,51.0,39.78
250,JP Faulkner,129.8,0,0,14.53,202.0,527,406,JP Faulkner,26.0,20.27
251,JPR Scantlebury-Searles,133.33,0,0,16.67,2.0,8,6,JPR Scantlebury-Searles,1.0,8.0
252,JR Hazlewood,65.52,0,0,3.45,14.0,19,29,,0.0,19.0
253,JR Hopes,132.8,4,0,19.11,134.0,417,314,JR Hopes,16.0,26.06
254,JR Philippe,97.5,0,0,12.5,32.0,78,80,JR Philippe,4.0,19.5
255,Jaskaran Singh,72.73,0,0,0.0,6.0,8,11,Jaskaran Singh,1.0,8.0
256,Joginder Sharma,120.0,0,0,10.0,17.0,36,30,Joginder Sharma,4.0,9.0
257,K Goel,91.21,0,0,10.88,83.0,218,239,K Goel,15.0,14.53
258,K Gowtham,155.35,0,0,20.13,65.0,247,159,K Gowtham,18.0,13.72
259,K Kartikeya,69.23,0,0,7.69,5.0,9,13,K Kartikeya,2.0,4.5
260,K Rabada,97.89,0,0,11.58,74.0,186,190,K Rabada,16.0,11.62
261,K Upadhyay,133.33,0,0,11.11,5.0,12,9,,0.0,12.0
262,K Yadav,0.0,0,0,0.0,0.0,0,4,,0.0,0.0
263,KA Jamieson,118.18,0,0,14.55,22.0,65,55,KA Jamieson,4.0,16.25
264,KA Pollard,140.46,16,0,18.19,1035.0,3437,2447,KA Pollard,121.0,28.4
265,KAJ Roach,111.11,0,0,11.11,5.0,10,9,KAJ Roach,1.0,10.0
266,KB Arun Karthik,96.23,0,0,9.43,24.0,51,53,KB Arun Karthik,5.0,10.2
267,KC Cariappa,114.29,0,0,9.52,11.0,24,21,KC Cariappa,3.0,8.0
268,KC Sangakkara,118.47,10,0,15.59,650.0,1687,1424,KC Sangakkara,65.0,25.95
269,KD Karthik,129.35,20,0,16.55,1656.0,4517,3492,KD Karthik,175.0,25.81
270,KH Pandya,128.85,1,0,16.34,522.0,1514,1175,KH Pandya,71.0,21.32
271,KJ Abbott,162.5,0,0,12.5,4.0,13,8,KJ Abbott,1.0,13.0
272,KK Ahmed,14.29,0,0,0.0,1.0,1,7,KK Ahmed,5.0,0.2
273,KK Cooper,165.71,0,0,24.29,24.0,116,70,KK Cooper,9.0,12.89
274,KK Nair,125.5,10,0,16.78,522.0,1496,1192,KK Nair,63.0,23.75
275,KL Nagarkoti,64.71,0,0,2.94,16.0,22,34,KL Nagarkoti,4.0,5.5
276,KL Rahul,131.1,33,4,16.45,1518.0,4169,3180,KL Rahul,91.0,45.81
277,KM Asif,0.0,0,0,0.0,0.0,0,2,KM Asif,1.0,0.0
278,KM Jadhav,119.37,4,0,14.03,495.0,1208,1012,KM Jadhav,54.0,22.37
279,KMA Paul,69.23,0,0,7.69,7.0,18,26,KMA Paul,5.0,3.6
280,KMDN Kulasekara,166.67,0,0,33.33,1.0,5,3,,0.0,5.0
281,KP Appanna,50.0,0,0,0.0,2.0,2,4,KP Appanna,1.0,2.0
282,KP Pietersen,132.06,4,1,17.28,337.0,1001,758,KP Pietersen,28.0,35.75
283,KR Mayers,137.32,4,0,21.74,75.0,379,276,KR Mayers,13.0,29.15
284,KR Sen,0.0,0,0,0.0,0.0,0,3,,0.0,0.0
285,KS Bharat,118.45,1,0,11.9,86.0,199,168,KS Bharat,7.0,28.43
286,KS Sharma,64.0,0,0,4.0,12.0,16,25,KS Sharma,3.0,5.33
287,KS Williamson,123.32,18,0,14.47,853.0,2105,1707,KS Williamson,58.0,36.29
288,KV Sharma,110.34,0,0,11.03,139.0,320,290,KV Sharma,23.0,13.91
289,KW Richardson,92.31,0,0,7.69,19.0,36,39,KW Richardson,3.0,12.0
290,Kamran Akmal,164.1,1,0,26.92,24.0,128,78,Kamran Akmal,5.0,25.6
291,Kamran Khan,60.0,0,0,0.0,2.0,3,5,Kamran Khan,1.0,3.0
292,Karanveer Singh,70.59,0,0,5.88,7.0,12,17,Karanveer Singh,1.0,12.0
293,Kartik Tyagi,81.25,0,0,6.25,8.0,13,16,Kartik Tyagi,4.0,3.25
294,Kuldeep Yadav,75.56,0,0,6.67,74.0,136,180,Kuldeep Yadav,9.0,15.11
295,L Ablish,0.0,0,0,0.0,0.0,0,2,,0.0,0.0
296,L Balaji,72.0,0,0,6.0,18.0,36,50,L Balaji,8.0,4.5
297,L Ronchi,91.89,0,0,18.92,4.0,34,37,L Ronchi,5.0,6.8
298,LA Carseldine,114.08,0,0,15.49,29.0,81,71,LA Carseldine,4.0,20.25
299,LA Pomersbach,120.32,1,0,15.14,104.0,302,251,LA Pomersbach,11.0,27.45
300,LE Plunkett,33.33,0,0,0.0,1.0,1,3,LE Plunkett,1.0,1.0
301,LH Ferguson,142.55,0,0,17.02,25.0,67,47,LH Ferguson,2.0,33.5
302,LJ Wright,168.25,0,0,30.16,22.0,106,63,LJ Wright,5.0,21.2
303,LMP Simmons,122.89,11,1,17.43,323.0,1079,878,LMP Simmons,27.0,39.96
304,LPC Silva,148.15,0,0,22.22,11.0,40,27,LPC Silva,2.0,20.0
305,LR Shukla,113.13,0,0,13.69,157.0,405,358,LR Shukla,27.0,15.0
306,LRPL Taylor,120.07,3,0,13.22,401.0,1017,847,LRPL Taylor,40.0,25.42
307,LS Livingstone,157.12,6,0,22.2,217.0,828,527,LS Livingstone,28.0,29.57
308,Lalit Yadav,102.08,0,0,11.42,133.0,295,289,Lalit Yadav,14.0,21.07
309,Liton Das,100.0,0,0,25.0,0.0,4,4,Liton Das,1.0,4.0
310,M Ashwin,70.0,0,0,6.0,20.0,35,50,M Ashwin,9.0,3.89
311,M Jansen,85.71,0,0,8.93,23.0,48,56,M Jansen,6.0,8.0
312,M Kaif,100.39,0,0,10.85,110.0,259,258,M Kaif,18.0,14.39
313,M Kartik,103.67,0,0,7.34,69.0,113,109,M Kartik,7.0,16.14
314,M Klinger,93.59,0,0,11.54,33.0,73,78,M Klinger,4.0,18.25
315,M Manhas,105.76,0,0,10.91,236.0,514,486,M Manhas,23.0,22.35
316,M Markande,109.09,0,0,13.64,18.0,48,44,M Markande,3.0,16.0
317,M Morkel,135.48,0,0,17.2,42.0,126,93,M Morkel,11.0,11.45
318,M Muralitharan,66.67,0,0,3.33,12.0,20,30,M Muralitharan,6.0,3.33
319,M Ntini,57.89,0,0,10.53,2.0,11,19,M Ntini,1.0,11.0
320,M Prasidh Krishna,37.5,0,0,0.0,9.0,9,24,M Prasidh Krishna,3.0,3.0
321,M Rawat,78.57,0,0,7.14,31.0,55,70,M Rawat,5.0,11.0
322,M Shahrukh Khan,126.79,0,0,16.07,137.0,426,336,M Shahrukh Khan,21.0,20.29
323,M Theekshana,100.0,0,0,14.29,1.0,7,7,M Theekshana,1.0,7.0
324,M Vijay,118.61,13,2,15.31,883.0,2619,2208,M Vijay,101.0,25.93
325,M Vohra,125.49,3,0,17.03,323.0,1083,863,M Vohra,49.0,22.1
326,M de Lange,50.0,0,0,0.0,1.0,1,2,M de Lange,1.0,1.0
327,MA Agarwal,128.83,13,1,17.51,866.0,2605,2022,MA Agarwal,113.0,23.05
328,MA Khote,109.09,0,0,13.64,9.0,24,22,MA Khote,2.0,12.0
329,MA Starc,97.96,0,0,10.2,47.0,96,98,MA Starc,7.0,13.71
330,MA Wood,120.0,0,0,20.0,2.0,12,10,MA Wood,2.0,6.0
331,MC Henriques,124.84,5,0,14.36,402.0,1000,801,MC Henriques,36.0,27.78
332,MC Juneja,93.28,0,0,8.96,68.0,125,134,MC Juneja,7.0,17.86
333,MD Mishra,111.27,0,0,15.02,79.0,237,213,MD Mishra,16.0,14.81
334,MD Shanaka,100.0,0,0,11.54,11.0,26,26,MD Shanaka,2.0,13.0
335,MDKJ Perera,107.69,0,0,23.08,2.0,14,13,MDKJ Perera,2.0,7.0
336,MEK Hussey,119.96,15,1,15.17,755.0,1977,1648,MEK Hussey,51.0,38.76
337,MF Maharoof,142.74,0,0,16.94,59.0,177,124,MF Maharoof,10.0,17.7
338,MG Bracewell,118.37,0,0,14.29,25.0,58,49,MG Bracewell,2.0,29.0
339,MG Johnson,99.4,0,0,10.12,71.0,167,168,MG Johnson,13.0,12.85
340,MJ Clarke,102.08,0,0,12.5,41.0,98,96,MJ Clarke,6.0,16.33
341,MJ Guptill,137.56,1,0,19.8,70.0,271,197,MJ Guptill,12.0,22.58
342,MJ Lumb,140.4,1,0,25.76,51.0,278,198,MJ Lumb,12.0,23.17
343,MJ McClenaghan,116.44,0,0,16.44,22.0,85,73,MJ McClenaghan,13.0,6.54
344,MJ Santner,94.92,0,0,10.17,22.0,56,59,MJ Santner,3.0,18.67
345,MK Lomror,127.62,1,0,14.29,160.0,402,315,MK Lomror,21.0,19.14
346,MK Pandey,117.27,22,1,13.58,1576.0,3817,3255,MK Pandey,132.0,28.92
347,MK Tiwary,113.83,7,0,13.16,722.0,1695,1489,MK Tiwary,59.0,28.73
348,ML Hayden,131.94,8,0,19.67,307.0,1107,839,ML Hayden,31.0,35.71
349,MM Ali,138.98,5,0,19.76,292.0,1034,744,MM Ali,46.0,22.48
350,MM Patel,95.12,0,0,12.2,18.0,39,41,MM Patel,6.0,6.5
351,MM Sharma,100.83,0,0,10.74,53.0,122,121,MM Sharma,15.0,8.13
352,MN Samuels,92.53,0,0,9.2,72.0,161,174,MN Samuels,13.0,12.38
353,MN van Wyk,123.7,1,0,14.81,71.0,167,135,MN van Wyk,3.0,55.67
354,MP Stoinis,135.1,7,0,17.0,507.0,1478,1094,MP Stoinis,54.0,27.37
355,MR Marsh,123.01,3,0,15.07,212.0,604,491,MR Marsh,30.0,20.13
356,MS Bisla,108.28,4,0,15.74,246.0,798,737,MS Bisla,38.0,21.0
357,MS Dhoni,131.49,24,0,15.21,1885.0,5082,3865,MS Dhoni,131.0,38.79
358,MS Gony,130.26,0,0,18.42,23.0,99,76,MS Gony,10.0,9.9
359,MS Wade,100.56,0,0,14.04,63.0,179,178,MS Wade,13.0,13.77
360,MV Boucher,123.9,1,0,14.15,157.0,394,318,MV Boucher,14.0,28.14
361,MW Short,118.18,0,0,19.19,28.0,117,99,MW Short,6.0,19.5
362,Mandeep Singh,120.31,6,0,15.09,649.0,1706,1418,Mandeep Singh,82.0,20.8
363,Mashrafe Mortaza,100.0,0,0,0.0,1.0,2,2,,0.0,2.0
364,Misbah-ul-Haq,142.68,0,0,19.51,35.0,117,82,Misbah-ul-Haq,7.0,16.71
365,Mohammad Ashraful,16.67,0,0,0.0,2.0,2,12,Mohammad Ashraful,1.0,2.0
366,Mohammad Asif,50.0,0,0,0.0,3.0,3,6,Mohammad Asif,2.0,1.5
367,Mohammad Hafeez,76.19,0,0,10.71,24.0,64,84,Mohammad Hafeez,7.0,9.14
368,Mohammad Nabi,147.62,0,0,20.63,53.0,186,126,Mohammad Nabi,13.0,14.31
369,Mohammed Shami,90.24,0,0,9.76,33.0,74,82,Mohammed Shami,13.0,5.69
370,Mohammed Siraj,85.84,0,0,10.62,40.0,97,113,Mohammed Siraj,8.0,12.12
371,Mohit Rathee,50.0,0,0,0.0,1.0,1,2,,0.0,1.0
372,Mohsin Khan (2),88.46,0,0,11.54,8.0,23,26,Mohsin Khan (2),2.0,11.5
373,Mujeeb Ur Rahman,80.0,0,0,13.33,4.0,12,15,Mujeeb Ur Rahman,3.0,4.0
374,Mukesh Choudhary,100.0,0,0,16.67,2.0,6,6,Mukesh Choudhary,1.0,6.0
375,Mukesh Kumar,70.0,0,0,0.0,7.0,7,10,,0.0,7.0
376,Mustafizur Rahman,56.52,0,0,4.35,7.0,13,23,Mustafizur Rahman,1.0,13.0
377,N Jagadeesan,104.52,0,0,14.84,59.0,162,155,N Jagadeesan,9.0,18.0
378,N Pooran,149.94,6,0,19.95,355.0,1270,847,N Pooran,49.0,25.92
379,N Rana,131.01,18,0,18.18,800.0,2594,1980,N Rana,91.0,28.51
380,N Saini,97.9,1,0,11.19,59.0,140,143,N Saini,10.0,14.0
381,N Wadhera,140.94,2,0,20.47,69.0,241,171,N Wadhera,9.0,26.78
382,NA Saini,86.84,0,0,7.89,18.0,33,38,NA Saini,4.0,8.25
383,ND Doshi,0.0,0,0,0.0,0.0,0,13,ND Doshi,1.0,0.0
384,NJ Maddinson,95.24,0,0,19.05,2.0,20,21,NJ Maddinson,3.0,6.67
385,NJ Rimmington,100.0,0,0,0.0,1.0,1,1,,0.0,1.0
386,NL McCullum,113.04,0,0,4.35,14.0,26,23,NL McCullum,1.0,26.0
387,NLTC Perera,130.06,0,0,15.03,148.0,424,326,NLTC Perera,22.0,19.27
388,NM Coulter-Nile,109.33,0,0,14.67,25.0,82,75,NM Coulter-Nile,11.0,7.45
389,NS Naik,58.49,0,0,3.77,20.0,31,53,NS Naik,4.0,7.75
390,NT Ellis,73.08,0,0,3.85,11.0,19,26,NT Ellis,4.0,4.75
391,NV Ojha,114.26,6,0,14.71,512.0,1554,1360,NV Ojha,75.0,20.72
392,Naveen-ul-Haq,72.73,0,0,9.09,7.0,16,22,Naveen-ul-Haq,1.0,16.0
393,Niraj Patel,97.58,1,0,12.1,48.0,121,124,Niraj Patel,4.0,30.25
394,Noor Ahmad,88.89,0,0,11.11,4.0,8,9,Noor Ahmad,2.0,4.0
395,OA Shah,124.94,4,0,14.07,199.0,506,405,OA Shah,15.0,33.73
396,OC McCoy,160.0,0,0,20.0,2.0,8,5,OC McCoy,1.0,8.0
397,OF Smith,102.0,0,0,12.0,15.0,51,50,OF Smith,3.0,17.0
398,P Awana,35.71,0,0,0.0,5.0,5,14,P Awana,2.0,2.5
399,P Chopra,133.33,0,0,33.33,0.0,8,6,P Chopra,1.0,8.0
400,P Dogra,90.07,0,0,6.38,69.0,127,141,P Dogra,11.0,11.55
401,P Dubey,69.7,0,0,6.06,14.0,23,33,P Dubey,1.0,23.0
402,P Kumar,105.26,0,0,12.07,126.0,340,323,P Kumar,38.0,8.95
403,P Negi,121.26,0,0,14.29,134.0,365,301,P Negi,26.0,14.04
404,P Parameswaran,33.33,0,0,0.0,1.0,1,3,,0.0,1.0
405,P Ray Barman,76.0,0,0,8.0,11.0,19,25,P Ray Barman,1.0,19.0
406,P Sahu,146.15,0,0,15.38,7.0,19,13,P Sahu,1.0,19.0
407,P Simran Singh,135.26,1,1,20.83,100.0,422,312,P Simran Singh,20.0,21.1
408,PA Patel,116.63,13,0,16.95,947.0,2848,2442,PA Patel,126.0,22.6
409,PA Reddy,98.2,0,0,10.18,78.0,164,167,PA Reddy,10.0,16.4
410,PBB Rajapaksa,137.81,1,0,18.41,84.0,277,201,PBB Rajapaksa,13.0,21.31
411,PC Valthaty,116.9,2,1,18.75,121.0,505,432,PC Valthaty,22.0,22.95
412,PD Collingwood,127.67,3,0,13.84,77.0,203,159,PD Collingwood,5.0,40.6
413,PD Salt,161.48,2,0,25.19,55.0,218,135,PD Salt,8.0,27.25
414,PJ Cummins,145.77,3,0,19.23,100.0,379,260,PJ Cummins,20.0,18.95
415,PJ Sangwan,55.32,0,0,2.13,19.0,26,47,PJ Sangwan,8.0,3.25
416,PK Garg,110.53,1,0,10.12,128.0,273,247,PK Garg,18.0,15.17
417,PM Sarvesh Kumar,50.0,0,0,0.0,1.0,1,2,,0.0,1.0
418,PN Mankad,129.33,1,0,20.0,28.0,97,75,PN Mankad,3.0,32.33
419,PP Chawla,107.79,0,0,13.1,236.0,609,565,PP Chawla,52.0,11.71
420,PP Ojha,35.56,0,0,0.0,15.0,16,45,PP Ojha,12.0,1.33
421,PP Shaw,141.64,13,0,22.07,457.0,1694,1196,PP Shaw,71.0,23.86
422,PR Shah,94.85,0,0,11.34,36.0,92,97,PR Shah,8.0,11.5
423,PSP Handscomb,50.0,0,0,0.0,6.0,6,12,PSP Handscomb,1.0,6.0
424,PV Tambe,46.15,0,0,2.56,14.0,18,39,PV Tambe,2.0,9.0
425,PVD Chameera,134.38,0,0,18.75,10.0,43,32,PVD Chameera,4.0,10.75
426,PWH de Silva,90.0,0,0,10.0,32.0,72,80,PWH de Silva,10.0,7.2
427,Pankaj Singh,58.33,0,0,0.0,6.0,7,12,Pankaj Singh,2.0,3.5
428,Parvez Rasool,85.0,0,0,5.0,12.0,17,20,Parvez Rasool,2.0,8.5
429,Q de Kock,131.32,20,2,18.1,934.0,2910,2216,Q de Kock,91.0,31.98
430,R Ashwin,114.79,1,0,12.86,304.0,714,622,R Ashwin,54.0,13.22
431,R Bhatia,117.93,0,0,12.76,143.0,342,290,R Bhatia,30.0,11.4
432,R Bishnoi,111.76,0,0,17.65,3.0,19,17,R Bishnoi,3.0,6.33
433,R Dhawan,111.7,0,0,13.3,78.0,210,188,R Dhawan,11.0,19.09
434,R Dravid,113.35,11,0,15.48,802.0,2174,1918,R Dravid,77.0,28.23
435,R McLaren,89.33,1,0,8.43,87.0,159,178,R McLaren,8.0,19.88
436,R Ninan,50.0,0,0,0.0,3.0,3,6,R Ninan,1.0,3.0
437,R Parag,119.52,2,0,14.14,232.0,600,502,R Parag,37.0,16.22
438,R Powell,140.44,1,0,18.03,72.0,257,183,R Powell,13.0,19.77
439,R Rampaul,98.08,0,0,9.62,21.0,51,52,R Rampaul,5.0,10.2
440,R Sanjay Yadav,0.0,0,0,0.0,0.0,0,2,R Sanjay Yadav,1.0,0.0
441,R Sathish,114.41,0,0,11.86,116.0,270,236,R Sathish,17.0,15.88
442,R Sharma,85.71,0,0,10.39,21.0,66,77,R Sharma,14.0,4.71
443,R Shepherd,131.82,0,0,15.91,15.0,58,44,R Shepherd,3.0,19.33
444,R Shukla,82.61,0,0,8.7,11.0,19,23,R Shukla,1.0,19.0
445,R Tewatia,127.12,1,0,15.72,293.0,825,649,R Tewatia,33.0,25.0
446,R Vinay Kumar,107.27,0,0,10.38,141.0,310,289,R Vinay Kumar,28.0,11.07
447,RA Bawa,78.57,0,0,7.14,6.0,11,14,RA Bawa,2.0,5.5
448,RA Jadeja,123.09,2,0,13.35,1122.0,2692,2187,RA Jadeja,102.0,26.39
449,RA Tripathi,135.45,11,0,18.51,671.0,2071,1529,RA Tripathi,77.0,26.9
450,RD Chahar,96.43,0,0,12.5,36.0,108,112,RD Chahar,15.0,7.2
451,RD Gaikwad,132.52,14,1,17.11,626.0,1797,1356,RD Gaikwad,46.0,39.07
452,RE Levi,112.16,1,0,18.92,19.0,83,74,RE Levi,6.0,13.83
453,RE van der Merwe,110.42,0,0,13.19,59.0,159,144,RE van der Merwe,11.0,14.45
454,RG More,100.0,0,0,0.0,2.0,2,2,,0.0,2.0
455,RG Sharma,127.06,42,1,16.61,2178.0,6213,4890,RG Sharma,210.0,29.59
456,RJ Harris,104.46,0,0,8.04,57.0,117,112,RJ Harris,12.0,9.75
457,RJ Peterson,100.0,0,0,12.5,13.0,32,32,RJ Peterson,3.0,10.67
458,RJ Quiney,98.1,1,0,14.29,33.0,103,105,RJ Quiney,7.0,14.71
459,RK Bhui,38.89,0,0,0.0,5.0,7,18,RK Bhui,2.0,3.5
460,RK Singh,135.01,4,0,17.13,248.0,725,537,RK Singh,20.0,36.25
461,RM Patidar,136.03,2,1,17.17,139.0,404,297,RM Patidar,10.0,40.4
462,RN ten Doeschate,136.97,1,0,17.23,117.0,326,238,RN ten Doeschate,14.0,23.29
463,RP Meredith,0.0,0,0,0.0,0.0,0,3,,0.0,0.0
464,RP Singh,66.67,0,0,3.85,34.0,52,78,RP Singh,15.0,3.47
465,RR Bhatkal,0.0,0,0,0.0,0.0,0,2,RR Bhatkal,1.0,0.0
466,RR Pant,142.55,15,1,19.55,896.0,2851,2000,RR Pant,82.0,34.77
467,RR Powar,104.69,0,0,10.94,30.0,67,64,RR Powar,3.0,22.33
468,RR Raje,111.11,0,0,11.11,10.0,20,18,RR Raje,1.0,20.0
469,RR Rossouw,131.66,1,0,17.09,82.0,262,199,RR Rossouw,12.0,21.83
470,RR Sarwan,93.59,0,0,8.97,37.0,73,78,RR Sarwan,4.0,18.25
471,RS Bopara,113.46,3,0,11.75,238.0,531,468,RS Bopara,18.0,29.5
472,RS Gavaskar,25.0,0,0,0.0,2.0,2,8,RS Gavaskar,1.0,2.0
473,RS Sodhi,200.0,0,0,50.0,0.0,4,2,,0.0,4.0
474,RT Ponting,70.54,0,0,5.43,53.0,91,129,RT Ponting,9.0,10.11
475,RV Gomez,94.34,0,0,11.32,20.0,50,53,RV Gomez,5.0,10.0
476,RV Patel,105.26,0,0,10.53,39.0,80,76,RV Patel,5.0,16.0
477,RV Uthappa,126.15,27,0,16.88,1666.0,4954,3927,RV Uthappa,180.0,27.52
478,Rahmanullah Gurbaz,127.53,2,0,17.98,57.0,227,178,Rahmanullah Gurbaz,11.0,20.64
479,Ramandeep Singh,107.14,0,0,9.52,21.0,45,42,Ramandeep Singh,2.0,22.5
480,Rashid Khan,158.21,1,0,22.5,97.0,443,280,Rashid Khan,32.0,13.84
481,Rasikh Salam,120.0,0,0,10.0,4.0,12,10,Rasikh Salam,1.0,12.0
482,Ravi Bishnoi,60.87,0,0,4.35,16.0,28,46,Ravi Bishnoi,5.0,5.6
483,S Anirudha,112.4,1,0,13.22,51.0,136,121,S Anirudha,8.0,17.0
484,S Aravind,100.0,0,0,11.86,26.0,59,59,S Aravind,4.0,14.75
485,S Badree,52.0,0,0,0.0,11.0,13,25,S Badree,5.0,2.6
486,S Badrinath,115.74,11,0,14.62,570.0,1441,1245,S Badrinath,47.0,30.66
487,S Chanderpaul,75.76,0,0,12.12,9.0,25,33,S Chanderpaul,3.0,8.33
488,S Dhawan,123.5,50,2,16.78,2377.0,6617,5358,S Dhawan,188.0,35.2
489,S Dube,135.21,6,0,16.01,383.0,1106,818,S Dube,39.0,28.36
490,S Gopal,104.05,0,0,12.14,81.0,180,173,S Gopal,14.0,12.86
491,S Kaul,55.56,0,0,2.78,12.0,20,36,S Kaul,4.0,5.0
492,S Kaushik,0.0,0,0,0.0,0.0,0,1,S Kaushik,1.0,0.0
493,S Ladda,0.0,0,0,0.0,0.0,0,10,S Ladda,1.0,0.0
494,S Lamichhane,0.0,0,0,0.0,0.0,0,1,S Lamichhane,1.0,0.0
495,S Nadeem,44.32,0,0,2.27,28.0,39,88,S Nadeem,14.0,2.79
496,S Narwal,127.59,0,0,20.69,11.0,37,29,S Narwal,3.0,12.33
497,S Rana,110.98,0,0,12.2,39.0,91,82,S Rana,4.0,22.75
498,S Randiv,50.0,0,0,0.0,1.0,2,4,S Randiv,1.0,2.0
499,S Sohal,118.33,2,0,16.72,101.0,368,311,S Sohal,20.0,18.4
500,S Sreesanth,59.65,0,0,10.53,8.0,34,57,S Sreesanth,4.0,8.5
501,S Sriram,81.58,0,0,7.89,17.0,31,38,S Sriram,2.0,15.5
502,S Tyagi,75.0,0,0,0.0,3.0,3,4,S Tyagi,1.0,3.0
503,S Vidyut,126.09,1,0,20.87,36.0,145,115,S Vidyut,8.0,18.12
504,SA Abbott,122.22,0,0,16.67,5.0,22,18,SA Abbott,3.0,7.33
505,SA Asnodkar,120.17,2,0,18.75,122.0,423,352,SA Asnodkar,20.0,21.15
506,SA Yadav,140.47,21,1,19.93,1032.0,3249,2313,SA Yadav,103.0,31.54
507,SB Bangar,84.48,0,0,6.9,26.0,49,58,SB Bangar,7.0,7.0
508,SB Jakati,93.33,0,0,10.0,15.0,28,30,SB Jakati,1.0,28.0
509,SB Joshi,37.5,0,0,0.0,6.0,6,16,SB Joshi,2.0,3.0
510,SB Styris,97.76,0,0,9.7,68.0,131,134,SB Styris,7.0,18.71
511,SB Wagh,66.67,0,0,0.0,1.0,2,3,SB Wagh,2.0,1.0
512,SC Ganguly,101.73,7,0,13.5,485.0,1349,1326,SC Ganguly,53.0,25.45
513,SD Chitnis,107.61,0,0,13.04,42.0,99,92,SD Chitnis,7.0,14.14
514,SD Lad,115.38,0,0,15.38,3.0,15,13,SD Lad,1.0,15.0
515,SE Bond,50.0,0,0,0.0,1.0,1,2,SE Bond,1.0,1.0
516,SE Marsh,130.11,20,1,18.14,830.0,2489,1913,SE Marsh,63.0,39.51
517,SE Rutherford,99.07,0,0,10.28,42.0,106,107,SE Rutherford,7.0,15.14
518,SJ Srivastava,100.0,0,0,0.0,4.0,5,5,SJ Srivastava,1.0,5.0
519,SK Raina,132.54,39,1,17.0,1991.0,5536,4177,SK Raina,171.0,32.37
520,SK Trivedi,68.85,0,0,6.56,20.0,42,61,SK Trivedi,7.0,6.0
521,SK Warne,90.41,0,0,9.13,94.0,198,219,SK Warne,20.0,9.9
522,SL Malinga,85.44,0,0,10.68,33.0,88,103,SL Malinga,16.0,5.5
523,SM Curran,138.37,3,0,18.28,192.0,613,443,SM Curran,25.0,24.52
524,SM Harwood,64.29,0,0,0.0,7.0,9,14,,0.0,9.0
525,SM Katich,126.18,2,0,17.8,72.0,241,191,SM Katich,10.0,24.1
526,SM Pollock,126.72,0,0,17.24,49.0,147,116,SM Pollock,8.0,18.38
527,SMSM Senanayake,58.82,0,0,0.0,9.0,10,17,SMSM Senanayake,1.0,10.0
528,SN Khan,128.29,1,0,16.89,218.0,585,456,SN Khan,26.0,22.5
529,SN Thakur,136.19,1,0,17.62,97.0,286,210,SN Thakur,24.0,11.92
530,SO Hetmyer,144.5,4,0,18.16,349.0,1130,782,SO Hetmyer,35.0,32.29
531,SP Fleming,114.62,0,0,17.54,55.0,196,171,SP Fleming,9.0,21.78
532,SP Goswami,95.44,1,0,11.4,128.0,293,307,SP Goswami,20.0,14.65
533,SP Jackson,107.02,0,0,10.53,31.0,61,57,SP Jackson,6.0,10.17
534,SP Narine,151.16,4,0,25.72,175.0,1046,692,SP Narine,76.0,13.76
535,SPD Smith,124.81,11,1,14.31,1053.0,2495,1999,SPD Smith,72.0,34.65
536,SR Tendulkar,114.19,13,1,15.9,845.0,2334,2044,SR Tendulkar,69.0,33.83
537,SR Watson,134.16,21,4,19.61,1077.0,3880,2892,SR Watson,126.0,30.79
538,SS Cottrell,0.0,0,0,0.0,0.0,0,2,SS Cottrell,1.0,0.0
539,SS Iyer,121.13,19,0,14.68,1085.0,2780,2295,SS Iyer,89.0,31.24
540,SS Prabhudessai,108.51,0,0,12.77,35.0,102,94,SS Prabhudessai,9.0,11.33
541,SS Shaikh,85.71,0,0,14.29,2.0,6,7,SS Shaikh,1.0,6.0
542,SS Tiwary,115.72,8,0,12.47,651.0,1494,1291,SS Tiwary,52.0,28.73
543,ST Jayasuriya,134.03,4,1,21.47,158.0,768,573,ST Jayasuriya,28.0,27.43
544,STR Binny,125.71,0,0,14.43,331.0,880,700,STR Binny,46.0,19.13
545,SV Samson,133.93,20,3,16.74,1353.0,3888,2903,SV Samson,133.0,29.23
546,SW Billings,126.07,3,0,15.04,187.0,503,399,SW Billings,26.0,19.35
547,SW Tait,88.46,0,0,7.69,13.0,23,26,SW Tait,3.0,7.67
548,Sachin Baby,117.07,0,0,13.01,57.0,144,123,Sachin Baby,9.0,16.0
549,Salman Butt,112.21,1,0,18.6,54.0,193,172,Salman Butt,7.0,27.57
550,Sandeep Sharma,73.97,0,0,5.48,36.0,54,73,Sandeep Sharma,6.0,9.0
551,Sanvir Singh,122.22,0,0,22.22,1.0,11,9,Sanvir Singh,1.0,11.0
552,Shahbaz Ahmed,109.18,0,0,11.22,138.0,321,294,Shahbaz Ahmed,19.0,16.89
553,Shahid Afridi,176.09,0,0,28.26,13.0,81,46,Shahid Afridi,8.0,10.12
554,Shakib Al Hasan,119.55,2,0,14.14,332.0,795,665,Shakib Al Hasan,41.0,19.39
555,Shashank Singh,146.81,0,0,19.15,20.0,69,47,Shashank Singh,4.0,17.25
556,Shivam Mavi,87.93,0,0,10.34,20.0,51,58,Shivam Mavi,9.0,5.67
557,Shivam Sharma,166.67,0,0,33.33,1.0,5,3,Shivam Sharma,1.0,5.0
558,Shoaib Ahmed,16.67,0,0,0.0,1.0,1,6,Shoaib Ahmed,2.0,0.5
559,Shoaib Akhtar,25.0,0,0,0.0,2.0,2,8,Shoaib Akhtar,1.0,2.0
560,Shoaib Malik,106.12,0,0,10.2,28.0,52,49,Shoaib Malik,4.0,13.0
561,Shubman Gill,130.56,18,3,16.52,1052.0,2790,2137,Shubman Gill,74.0,37.7
562,Sikandar Raza,133.65,1,0,15.38,46.0,139,104,Sikandar Raza,5.0,27.8
563,Simarjeet Singh,87.5,0,0,0.0,5.0,7,8,Simarjeet Singh,1.0,7.0
564,Sohail Tanvir,116.13,0,0,12.9,16.0,36,31,Sohail Tanvir,3.0,12.0
565,Sunny Gupta,0.0,0,0,0.0,0.0,0,1,Sunny Gupta,1.0,0.0
566,Sunny Singh,138.71,0,0,22.58,12.0,43,31,Sunny Singh,4.0,10.75
567,Swapnil Singh,58.33,0,0,0.0,12.0,14,24,Swapnil Singh,3.0,4.67
568,T Banton,81.82,0,0,9.09,7.0,18,22,T Banton,2.0,9.0
569,T Henderson,68.75,0,0,6.25,4.0,11,16,T Henderson,2.0,5.5
570,T Kohli,55.0,0,0,5.0,5.0,11,20,T Kohli,3.0,3.67
571,T Natarajan,60.0,0,0,0.0,3.0,3,5,,0.0,3.0
572,T Shamsi,50.0,0,0,0.0,2.0,2,4,,0.0,2.0
573,T Stubbs,77.14,0,0,5.71,17.0,27,35,T Stubbs,4.0,6.75
574,T Taibu,119.23,0,0,11.54,14.0,31,26,T Taibu,3.0,10.33
575,T Thushara,63.16,0,0,0.0,9.0,12,19,T Thushara,2.0,6.0
576,TA Boult,104.55,0,0,9.09,31.0,69,66,TA Boult,6.0,11.5
577,TD Paine,34.48,0,0,0.0,10.0,10,29,TD Paine,2.0,5.0
578,TG Southee,111.11,0,0,11.11,49.0,120,108,TG Southee,13.0,9.23
579,TH David,167.87,0,0,22.09,117.0,418,249,TH David,15.0,27.87
580,TK Curran,117.59,1,0,12.04,58.0,127,108,TK Curran,5.0,25.4
581,TL Seifert,100.0,0,0,15.38,7.0,26,26,TL Seifert,3.0,8.67
582,TL Suman,115.16,2,0,13.8,251.0,676,587,TL Suman,32.0,21.12
583,TM Dilshan,110.12,9,0,15.66,391.0,1153,1047,TM Dilshan,43.0,26.81
584,TM Head,135.76,1,0,13.25,88.0,205,151,TM Head,7.0,29.29
585,TM Srivastava,72.73,0,0,0.0,6.0,8,11,TM Srivastava,1.0,8.0
586,TR Birt,127.12,0,0,18.64,21.0,75,59,TR Birt,5.0,15.0
587,TS Mills,57.14,0,0,7.14,2.0,8,14,TS Mills,4.0,2.0
588,TU Deshpande,161.54,0,0,23.08,6.0,21,13,TU Deshpande,1.0,21.0
589,Tilak Varma,137.29,3,0,17.44,252.0,740,539,Tilak Varma,19.0,38.95
590,U Kaul,0.0,0,0,0.0,0.0,0,1,,0.0,0.0
591,UA Birla,46.67,0,0,6.67,3.0,7,15,UA Birla,1.0,7.0
592,UBT Chand,95.54,1,0,13.06,103.0,300,314,UBT Chand,20.0,15.0
593,UT Khawaja,120.95,0,0,16.19,45.0,127,105,UT Khawaja,6.0,21.17
594,UT Yadav,100.0,0,0,12.24,74.0,196,196,UT Yadav,20.0,9.8
595,Umar Gul,205.26,0,0,31.58,5.0,39,19,Umar Gul,3.0,13.0
596,Umran Malik,143.75,0,0,18.75,5.0,23,16,Umran Malik,2.0,11.5
597,V Kohli,126.73,51,7,15.35,2826.0,7273,5739,V Kohli,195.0,37.3
598,V Pratap Singh,0.0,0,0,0.0,0.0,0,1,V Pratap Singh,1.0,0.0
599,V Sehwag,148.83,16,2,24.0,656.0,2728,1833,V Sehwag,99.0,27.56
600,V Shankar,126.63,6,0,14.23,413.0,1032,815,V Shankar,39.0,26.46
601,VG Arora,50.0,0,0,0.0,7.0,8,16,VG Arora,2.0,4.0
602,VH Zol,111.54,0,0,15.38,9.0,29,26,VH Zol,2.0,14.5
603,VR Aaron,68.49,0,0,5.48,26.0,50,73,VR Aaron,5.0,10.0
604,VR Iyer,125.46,7,1,16.8,318.0,956,762,VR Iyer,34.0,28.12
605,VRV Singh,133.33,0,0,33.33,0.0,4,3,VRV Singh,2.0,2.0
606,VS Malik,100.0,0,0,14.29,3.0,7,7,VS Malik,1.0,7.0
607,VS Yeligati,100.0,0,0,0.0,1.0,2,2,VS Yeligati,1.0,2.0
608,VVS Laxman,104.06,1,0,14.02,110.0,282,271,VVS Laxman,19.0,14.84
609,VY Mahesh,53.57,0,0,0.0,13.0,15,28,VY Mahesh,2.0,7.5
610,Vijaykumar Vyshak,130.0,0,0,10.0,6.0,13,10,Vijaykumar Vyshak,1.0,13.0
611,Virat Singh,57.69,0,0,3.85,11.0,15,26,Virat Singh,2.0,7.5
612,Vishnu Vinod,96.55,0,0,10.34,25.0,56,58,Vishnu Vinod,6.0,9.33
613,Vivrant Sharma,140.82,1,0,22.45,20.0,69,49,Vivrant Sharma,1.0,69.0
614,W Jaffer,100.78,1,0,13.18,48.0,130,129,W Jaffer,8.0,16.25
615,WA Mota,73.68,0,0,2.63,44.0,56,76,WA Mota,6.0,9.33
616,WD Parnell,75.58,0,0,5.81,38.0,65,86,WD Parnell,10.0,6.5
617,WP Saha,124.47,13,1,16.1,1007.0,2798,2248,WP Saha,112.0,24.98
618,WPUJC Vaas,110.96,0,0,6.85,44.0,81,73,WPUJC Vaas,8.0,10.12
619,Washington Sundar,111.18,0,0,12.06,165.0,378,340,Washington Sundar,27.0,14.0
620,X Thalaivan Sargunam,58.82,0,0,0.0,8.0,10,17,X Thalaivan Sargunam,1.0,10.0
621,Y Gnaneswara Rao,105.56,0,0,16.67,6.0,19,18,Y Gnaneswara Rao,1.0,19.0
622,Y Nagar,105.17,0,0,10.7,129.0,285,271,Y Nagar,14.0,20.36
623,Y Prithvi Raj,0.0,0,0,0.0,0.0,0,1,,0.0,0.0
624,Y Venugopal Rao,113.87,3,0,13.18,396.0,985,865,Y Venugopal Rao,44.0,22.39
625,YA Abdulla,0.0,0,0,0.0,0.0,0,1,,0.0,0.0
626,YBK Jaiswal,145.23,8,1,23.92,270.0,1172,807,YBK Jaiswal,36.0,32.56
627,YK Pathan,138.05,14,1,18.17,1038.0,3222,2334,YK Pathan,110.0,29.29
628,YS Chahal,41.57,0,0,0.0,32.0,37,89,YS Chahal,7.0,5.29
629,YV Dhull,69.57,0,0,4.35,12.0,16,23,YV Dhull,3.0,5.33
630,YV Takawale,104.92,0,0,15.85,54.0,192,183,YV Takawale,8.0,24.0
631,Yash Dayal,0.0,0,0,0.0,0.0,0,1,Yash Dayal,1.0,0.0
632,Yashpal Singh,70.15,0,0,7.46,23.0,47,67,Yashpal Singh,4.0,11.75
633,Younis Khan,42.86,0,0,0.0,3.0,3,7,Younis Khan,1.0,3.0
634,Yudhvir Singh,50.0,0,0,0.0,1.0,1,2,Yudhvir Singh,2.0,0.5
635,Yuvraj Singh,124.78,13,0,16.63,863.0,2754,2207,Yuvraj Singh,111.0,24.81
636,Z Khan,82.98,0,0,9.22,54.0,117,141,Z Khan,14.0,8.36
